n_geometries,n_runs,target,overall_mse,overall_r2,overall_mape,setA_mse,setA_r2,setA_mape,setB_mse,setB_r2,setB_mape,setA_4G_r2,setA_4G_mse,setA_4G_mape,setA_3G1P_r2,setA_3G1P_mse,setA_3G1P_mape,setA_3G1B_r2,setA_3G1B_mse,setA_3G1B_mape,setA_2G2P_r2,setA_2G2P_mse,setA_2G2P_mape,setA_2G2B_r2,setA_2G2B_mse,setA_2G2B_mape,setA_2G1P1B_r2,setA_2G1P1B_mse,setA_2G1P1B_mape,setB_4G_r2,setB_4G_mse,setB_4G_mape,setB_3G1P_r2,setB_3G1P_mse,setB_3G1P_mape,setB_3G1B_r2,setB_3G1B_mse,setB_3G1B_mape,setB_2G2P_r2,setB_2G2P_mse,setB_2G2P_mape,setB_2G2B_r2,setB_2G2B_mse,setB_2G2B_mape,setB_2G1P1B_r2,setB_2G1P1B_mse,setB_2G1P1B_mape,setC_mse,setC_r2,setC_mape,setC_4G_r2,setC_4G_mse,setC_4G_mape,setC_3G1P_r2,setC_3G1P_mse,setC_3G1P_mape,setC_3G1B_r2,setC_3G1B_mse,setC_3G1B_mape,setC_2G2P_r2,setC_2G2P_mse,setC_2G2P_mape,setC_2G2B_r2,setC_2G2B_mse,setC_2G2B_mape,setC_2G1P1B_r2,setC_2G1P1B_mse,setC_2G1P1B_mape,status
13,429,epithermal_only,0.0008185617,0.918401,4.88326826%,0.0008663041,0.914477,5.07280555,0.0003820599,0.901694,3.15035589,0.917402,0.0007076013,4.55813043,0.916884,0.0007908674,4.80937759,0.917034,0.0007875532,4.80047274,0.914050,0.0008988019,5.18055130,0.912906,0.0009010517,5.21272700,0.913727,0.0008973025,5.17044846,0.892566,0.0003805071,3.15524447,0.900514,0.0003748168,3.09125146,0.903063,0.0003699479,3.09990152,0.902140,0.0003811383,3.14017974,0.902781,0.0003818856,3.19383976,0.901313,0.0003891890,3.16981426,0.0008613692,0.915602,5.18553681,0.909356,0.0008089779,4.95376675,0.921571,0.0007662790,4.79648036,0.919980,0.0007618683,4.84949667,0.915271,0.0008910768,5.26981598,0.912641,0.0009179207,5.34097322,0.914322,0.0008874838,5.32675579,done
13,429,fast_only,0.0009948957,0.927754,4.58744895%,0.0010714969,0.924578,4.81262970,0.0002945415,0.928626,2.52865349,0.962675,0.0004253407,3.36623683,0.941344,0.0007773390,4.15093103,0.940291,0.0007822062,4.16418055,0.920158,0.0011740156,5.07635913,0.916974,0.0011992389,5.10579411,0.917320,0.0012046959,5.09143146,0.928635,0.0002467761,2.41330662,0.927918,0.0002854922,2.56064679,0.928231,0.0002793768,2.53729239,0.928703,0.0002997109,2.51007327,0.929228,0.0002896623,2.46026864,0.925961,0.0003064481,2.56820418,0.0014217669,0.897568,5.40461980,0.958522,0.0005094320,3.87247547,0.920016,0.0010738044,4.66837116,0.917673,0.0010540652,4.71655334,0.895281,0.0014991305,5.56720532,0.889398,0.0015738433,5.74879719,0.884150,0.0016218806,5.75411010,done
13,429,keff,0.0000030333,0.233482,0.12518548%,0.0000030367,0.205774,0.12603118,0.0000030020,0.412825,0.11745330,0.285679,0.0000018572,0.09980546,0.183094,0.0000025773,0.11375315,0.161271,0.0000027090,0.11756141,0.148375,0.0000030597,0.12576240,0.044268,0.0000035681,0.13972476,0.150299,0.0000031203,0.12842019,0.411625,0.0000023608,0.12368303,0.523356,0.0000020401,0.10140009,0.480481,0.0000021040,0.10125543,0.406292,0.0000029422,0.11184781,0.010800,0.0000041596,0.14445217,0.316831,0.0000031265,0.11698784,0.0000030622,0.206236,0.12657007,0.310372,0.0000017507,0.09639142,0.224668,0.0000022925,0.10791091,0.179461,0.0000025481,0.11287538,0.167779,0.0000030364,0.12767436,0.041215,0.0000037464,0.14403695,0.139029,0.0000032707,0.13059228,done
13,429,thermal_only,0.0046248802,0.946070,10.70477183%,0.0048557767,0.944323,11.03286205,0.0025138270,0.951514,7.70508976,0.953872,0.0047791078,11.17295664,0.949136,0.0047600458,10.97391185,0.953312,0.0046498648,10.91208252,0.936366,0.0049435675,10.98184116,0.941203,0.0050163983,11.30387781,0.940884,0.0048385071,10.97109999,0.843963,0.0037726911,9.57645278,0.933457,0.0029409506,8.33321284,0.947104,0.0027987347,8.19628416,0.948630,0.0022976874,7.13197930,0.954400,0.0025086219,8.02447773,0.954579,0.0022822501,7.30289827,0.0053273592,0.936304,12.33915983,0.953064,0.0050531116,11.85983078,0.942920,0.0052656123,12.11768747,0.945517,0.0052139361,12.11174851,0.925778,0.0055727865,12.69093530,0.937474,0.0051324710,12.01899611,0.930145,0.0053834090,12.51305778,done
13,429,total,0.0001665689,0.969715,2.25340148%,0.0001785452,0.967841,2.34673460,0.0000570718,0.975912,1.40007011,0.981635,0.0000845168,1.69935870,0.972274,0.0001465900,2.10609610,0.973117,0.0001354338,2.06519520,0.966402,0.0002001950,2.48757508,0.965897,0.0001862273,2.41467958,0.965609,0.0001967371,2.47034915,0.979064,0.0000456504,1.16551262,0.977339,0.0000522386,1.30754074,0.978358,0.0000492444,1.28330134,0.973400,0.0000646951,1.50648782,0.975251,0.0000583787,1.47178291,0.975997,0.0000577785,1.40031737,0.0002589262,0.954330,2.86285068,0.982998,0.0000821732,1.64066851,0.966104,0.0001848071,2.39561375,0.964809,0.0001796373,2.46210262,0.954540,0.0002761708,2.93042134,0.949640,0.0002843128,3.02351932,0.947630,0.0003035245,3.14024402,done
26,858,epithermal_only,0.0001984777,0.980214,2.23524034%,0.0002146162,0.978846,2.34257758,0.0000509264,0.986558,1.25387130,0.990219,0.0000842649,1.52881688,0.983142,0.0001607821,1.98538353,0.983258,0.0001592902,2.00076571,0.976921,0.0002416627,2.51550863,0.977003,0.0002382471,2.53150801,0.977288,0.0002365267,2.46246219,0.993876,0.0000209274,0.85606011,0.988845,0.0000408776,1.12288271,0.988890,0.0000412314,1.11393756,0.986351,0.0000518461,1.27518038,0.984818,0.0000583769,1.34768669,0.985476,0.0000558224,1.31976745,0.0003225657,0.968435,2.82610804,0.989753,0.0000921251,1.62813787,0.979324,0.0002025442,2.19663205,0.978530,0.0002045366,2.33368012,0.969156,0.0003248941,2.82771733,0.962221,0.0003974678,3.18536090,0.963091,0.0003825675,3.11980526,done
26,858,fast_only,0.0005726954,0.958356,3.36345838%,0.0006106328,0.956989,3.45671966,0.0002258392,0.943561,2.51078383,0.988858,0.0001268005,1.87311050,0.969648,0.0004021765,2.77685590,0.969081,0.0004049644,2.77143205,0.952549,0.0006972488,3.77391347,0.951841,0.0006951428,3.74821382,0.951678,0.0007034308,3.73939356,0.941561,0.0001851284,2.27355883,0.944873,0.0002072724,2.41671776,0.944269,0.0002063595,2.39333785,0.941586,0.0002388655,2.57658131,0.946288,0.0002154917,2.44248243,0.940503,0.0002405744,2.60230854,0.0009144864,0.933866,4.37558103,0.989034,0.0001351526,2.02040891,0.956059,0.0005887901,3.36205215,0.959112,0.0005208522,3.30158070,0.930954,0.0009850101,4.58000901,0.924122,0.0010755409,4.81159687,0.920784,0.0011036329,4.94811426,done
26,858,keff,0.0000021290,0.462010,0.10402727%,0.0000022116,0.421569,0.10673803,0.0000013731,0.731432,0.07924314,0.520499,0.0000012467,0.08053188,0.409826,0.0000018620,0.09507356,0.407793,0.0000019127,0.09718251,0.358573,0.0000023045,0.10965759,0.302350,0.0000026046,0.11836957,0.383109,0.0000022654,0.10871966,0.575090,0.0000017049,0.09746402,0.733694,0.0000011398,0.07413279,0.690790,0.0000012523,0.07963412,0.736021,0.0000013082,0.07518761,0.597220,0.0000016937,0.09083498,0.708159,0.0000013356,0.07552970,0.0000023818,0.382598,0.11150454,0.487875,0.0000013001,0.08321583,0.408570,0.0000017488,0.09525537,0.376960,0.0000019348,0.09840568,0.333523,0.0000024317,0.11594826,0.253611,0.0000029165,0.12590549,0.331338,0.0000025401,0.11423006,done
26,858,thermal_only,0.0021589097,0.974654,7.02813332%,0.0022583535,0.973972,7.20083778,0.0012497089,0.974845,5.44912108,0.988972,0.0010918374,5.02406387,0.980990,0.0017546528,6.24110526,0.981810,0.0017929844,6.31238812,0.968168,0.0024596100,7.63492726,0.969789,0.0025706519,7.84953868,0.970308,0.0024218091,7.45690115,0.883349,0.0022224023,7.07780423,0.966500,0.0013424694,5.86846809,0.972765,0.0013500867,5.71573112,0.972728,0.0011575988,5.31535476,0.976993,0.0012354376,5.56752452,0.976262,0.0011574625,5.09242657,0.0031760234,0.961777,8.94365127,0.982496,0.0018222916,6.25955567,0.972749,0.0024829424,7.70170846,0.972125,0.0026319072,7.89019726,0.958249,0.0031132073,8.89166385,0.955298,0.0036514344,9.88210722,0.954450,0.0034953082,9.48996211,done
26,858,total,0.0001203223,0.978128,1.83800941%,0.0001260544,0.977291,1.88352791,0.0000679143,0.971293,1.42184028,0.985613,0.0000665813,1.39400025,0.980087,0.0001053628,1.69229370,0.981664,0.0000924196,1.61597070,0.974435,0.0001522416,2.08487100,0.976735,0.0001269782,1.93747688,0.976295,0.0001355638,1.94960632,0.979448,0.0000450117,1.02705634,0.973724,0.0000605369,1.28732056,0.975940,0.0000547835,1.23693474,0.968790,0.0000757599,1.54065664,0.971089,0.0000681188,1.47900851,0.969772,0.0000726338,1.47322172,0.0001468697,0.974095,2.07174301,0.984899,0.0000732165,1.47797481,0.975570,0.0001332882,1.92116274,0.979723,0.0001032978,1.78061555,0.971074,0.0001757547,2.23470827,0.975745,0.0001366939,2.03762841,0.971948,0.0001627244,2.20419758,done
39,1287,epithermal_only,0.0001985643,0.980206,2.31226251%,0.0002111395,0.979194,2.39232989,0.0000835910,0.977975,1.58021783,0.991303,0.0000748493,1.57476928,0.983672,0.0001557575,2.06518574,0.983633,0.0001557553,2.06950920,0.977379,0.0002369363,2.55758332,0.977502,0.0002331201,2.53919356,0.977390,0.0002355304,2.52105635,0.984639,0.0000536685,1.37102886,0.980382,0.0000721955,1.49465438,0.980079,0.0000742493,1.51683622,0.978033,0.0000835824,1.58507721,0.977742,0.0000855667,1.59280754,0.976073,0.0000920134,1.63857407,0.0003584146,0.964953,3.17975821,0.990289,0.0000874651,1.68650228,0.974391,0.0002510485,2.72008574,0.979602,0.0001944091,2.34235977,0.958387,0.0004386461,3.48819285,0.967845,0.0003384589,3.03359833,0.957439,0.0004413874,3.65582649,done
39,1287,fast_only,0.0004982823,0.963870,3.01457633%,0.0005369848,0.962241,3.12836484,0.0001444314,0.965570,1.97422426,0.990877,0.0001040486,1.66673975,0.973591,0.0003505640,2.49841494,0.972985,0.0003544747,2.51238801,0.958572,0.0006096218,3.40631783,0.957029,0.0006212095,3.43466294,0.957655,0.0006176088,3.37335030,0.967937,0.0001096590,1.79085251,0.969310,0.0001225078,1.83609345,0.968084,0.0001251928,1.85132772,0.963227,0.0001569164,2.06140387,0.965335,0.0001449687,1.96270644,0.963461,0.0001545386,2.03868346,0.0007115387,0.948605,3.69460545,0.990103,0.0001216562,1.83359996,0.964690,0.0004737270,2.98968804,0.968551,0.0004012888,2.79722828,0.947388,0.0007516451,3.89140330,0.936670,0.0008984469,4.21199031,0.940510,0.0008300377,4.02720789,done
39,1287,keff,0.0000017397,0.560390,0.09486464%,0.0000018028,0.528491,0.09704217,0.0000011621,0.772705,0.07495581,0.629827,0.0000009625,0.07044239,0.512457,0.0000015382,0.08813815,0.532756,0.0000015091,0.08745926,0.460410,0.0000019386,0.10116424,0.432345,0.0000021193,0.10726599,0.500883,0.0000018329,0.09824817,0.746034,0.0000010190,0.07680329,0.798163,0.0000008639,0.06429720,0.800594,0.0000008076,0.06357052,0.782324,0.0000010787,0.06946323,0.613071,0.0000016271,0.09329565,0.737626,0.0000012008,0.07572620,0.0000019301,0.499692,0.09971472,0.587220,0.0000010479,0.07325126,0.502183,0.0000014720,0.08649480,0.498657,0.0000015568,0.08852910,0.452117,0.0000019990,0.10383377,0.390001,0.0000023835,0.11343767,0.468286,0.0000020199,0.10114146,done
39,1287,thermal_only,0.0022118483,0.974113,6.63469145%,0.0022756288,0.973850,6.72590107,0.0016287130,0.967027,5.80077501,0.988607,0.0011268644,4.63560375,0.981746,0.0016921330,5.69937952,0.981918,0.0017885085,5.85689429,0.968756,0.0024229723,7.03304126,0.969863,0.0025715940,7.27076019,0.969341,0.0025065768,7.10593562,0.843526,0.0029582344,7.41761811,0.950669,0.0019502253,6.28555619,0.960748,0.0019275146,6.23822891,0.967668,0.0013666998,5.42091381,0.972644,0.0014678457,5.70680561,0.968576,0.0015225886,5.59554169,0.0031066727,0.962633,8.40782741,0.981175,0.0019525937,5.82437502,0.974052,0.0023595105,7.02954324,0.973549,0.0024929834,7.30896272,0.958417,0.0031043093,8.56284135,0.954754,0.0037016071,9.40524888,0.956242,0.0033604952,8.87332421,done
39,1287,total,0.0000934237,0.983092,1.63895674%,0.0000964783,0.982729,1.67909702,0.0000654956,0.972425,1.27195989,0.988503,0.0000536665,1.32023480,0.984806,0.0000809009,1.51495535,0.985775,0.0000723256,1.47286051,0.980748,0.0001152470,1.83628495,0.981974,0.0000991386,1.74148321,0.982164,0.0001025749,1.72267456,0.981454,0.0000405543,1.13006308,0.976794,0.0000536258,1.16283422,0.975838,0.0000552044,1.14936575,0.971876,0.0000684896,1.32933103,0.969540,0.0000720781,1.33303076,0.970915,0.0000701729,1.30180356,0.0001281107,0.977542,1.94448846,0.988316,0.0000573087,1.38379245,0.980049,0.0001096280,1.84627494,0.983725,0.0000836421,1.60783891,0.974337,0.0001566865,2.17154484,0.976900,0.0001311615,1.98475816,0.976123,0.0001392009,2.00265865,done
52,1716,epithermal_only,0.0001748111,0.982571,2.06652901%,0.0001850397,0.981748,2.13869140,0.0000812921,0.978575,1.40675856,0.993123,0.0000592553,1.32259540,0.985675,0.0001364788,1.80964899,0.985962,0.0001334424,1.80155909,0.979787,0.0002114963,2.32943480,0.979983,0.0002072340,2.29360636,0.980344,0.0002045825,2.25592847,0.987544,0.0000425858,1.02058619,0.981947,0.0000660591,1.26035011,0.982141,0.0000663193,1.26597596,0.977658,0.0000852058,1.46106835,0.976794,0.0000892855,1.47555610,0.976982,0.0000886328,1.47311627,0.0003207532,0.968612,2.87428622,0.992522,0.0000675348,1.46033440,0.980311,0.0001928491,2.22110566,0.979226,0.0001979618,2.35543870,0.967184,0.0003456388,2.97014438,0.964361,0.0003749269,3.09721659,0.962763,0.0003859599,3.22378617,done
52,1716,fast_only,0.0005106578,0.962926,3.03957803%,0.0005521969,0.961136,3.16445206,0.0001308713,0.969192,1.89787262,0.990874,0.0001040379,1.64668438,0.972985,0.0003583327,2.51250916,0.972214,0.0003643140,2.52387623,0.957001,0.0006321472,3.48195735,0.955530,0.0006422404,3.48301412,0.956640,0.0006317957,3.40373861,0.978263,0.0000748182,1.48322190,0.975901,0.0000971074,1.66143297,0.974358,0.0001011565,1.68415006,0.967256,0.0001421042,1.99061331,0.965699,0.0001447721,2.00732207,0.966394,0.0001441352,1.98138586,0.0006980466,0.949604,3.64025288,0.991029,0.0001105670,1.80134523,0.965230,0.0004663363,2.88589207,0.968029,0.0004077511,2.77058250,0.943292,0.0008101962,3.93541901,0.944869,0.0007833371,3.96097547,0.941087,0.0008224467,4.02740031,done
52,1716,keff,0.0000013390,0.661632,0.08244291%,0.0000013829,0.638315,0.08424834,0.0000009377,0.816600,0.06593616,0.694578,0.0000007941,0.06450501,0.623499,0.0000011878,0.07646068,0.648076,0.0000011367,0.07544684,0.588539,0.0000014783,0.08736441,0.537175,0.0000017279,0.09653806,0.629950,0.0000013589,0.08372043,0.736655,0.0000010567,0.07894187,0.820196,0.0000007696,0.06018358,0.829582,0.0000006902,0.06036837,0.797588,0.0000010031,0.06464723,0.700294,0.0000012603,0.08092054,0.809408,0.0000008723,0.06177808,0.0000015079,0.609147,0.08758816,0.642702,0.0000009070,0.06943580,0.621271,0.0000011198,0.07543785,0.614338,0.0000011976,0.07691232,0.566473,0.0000015817,0.09179478,0.494601,0.0000019748,0.10263964,0.599765,0.0000015204,0.08708553,done
52,1716,thermal_only,0.0019629492,0.977041,6.33904150%,0.0020252041,0.976741,6.42554768,0.0013937620,0.971782,5.54812783,0.990228,0.0009631498,4.39116523,0.984204,0.0014645722,5.36546262,0.984108,0.0015728910,5.54284966,0.971713,0.0021933424,6.80053907,0.972258,0.0023670578,7.16217502,0.973167,0.0021963609,6.68686455,0.838537,0.0030419471,7.82815275,0.957607,0.0016808534,5.92193183,0.967491,0.0016035712,5.76723655,0.971170,0.0012150135,5.35972911,0.976901,0.0012372858,5.54194316,0.974042,0.0012583920,5.25777988,0.0027711211,0.966693,7.81867155,0.985215,0.0015269274,5.36141454,0.976708,0.0021194463,6.59926699,0.976713,0.0021938994,6.70727466,0.961907,0.0028451655,8.04201416,0.961380,0.0031605312,8.61312261,0.960294,0.0030530509,8.29215575,done
52,1716,total,0.0000786830,0.985702,1.48501979%,0.0000834321,0.984984,1.53671813,0.0000352628,0.985130,1.01234921,0.993861,0.0000284099,0.97934054,0.987964,0.0000636004,1.31193441,0.988910,0.0000559185,1.26302120,0.982850,0.0001022217,1.71585094,0.983882,0.0000882061,1.62438084,0.983926,0.0000920173,1.61592873,0.990650,0.0000204251,0.83548246,0.988087,0.0000274894,0.88856358,0.987679,0.0000280942,0.89052030,0.984409,0.0000379234,1.06311293,0.983317,0.0000393816,1.08473328,0.984192,0.0000380902,1.04738572,0.0001084647,0.980919,1.76519971,0.992454,0.0000364084,1.11302001,0.984092,0.0000868605,1.61303707,0.987237,0.0000652403,1.39812376,0.978750,0.0001294438,1.94591871,0.979583,0.0001156147,1.83123191,0.979002,0.0001220341,1.86943133,done
65,2145,epithermal_only,0.0001594201,0.984107,1.95617132%,0.0001711413,0.983126,2.03745074,0.0000522555,0.986368,1.21304525,0.993907,0.0000524187,1.27425468,0.986966,0.0001242264,1.71251869,0.987067,0.0001229487,1.70997565,0.981271,0.0001960965,2.21613644,0.981516,0.0001914508,2.20424629,0.981741,0.0001901049,2.14577882,0.992717,0.0000257853,0.82384918,0.989313,0.0000398594,1.04511195,0.989249,0.0000407178,1.05422317,0.985717,0.0000548411,1.26504437,0.984475,0.0000602032,1.30650554,0.985270,0.0000571727,1.28166700,0.0002269000,0.977784,2.38813434,0.992544,0.0000670484,1.42515273,0.982664,0.0001695822,2.05880888,0.983479,0.0001573655,2.00681845,0.975327,0.0002597457,2.55590357,0.976841,0.0002434930,2.53086456,0.975118,0.0002578298,2.55027837,done
65,2145,fast_only,0.0005039100,0.963458,2.88560751%,0.0005475885,0.961487,3.02902386,0.0001045633,0.975872,1.57437229,0.992479,0.0000856907,1.47740303,0.973073,0.0003573687,2.36352043,0.972316,0.0003631572,2.37616115,0.957550,0.0006245842,3.35052726,0.955892,0.0006374560,3.35965179,0.956966,0.0006275321,3.27171531,0.988425,0.0000417572,1.14925894,0.982429,0.0000731670,1.31970863,0.980791,0.0000779151,1.36831068,0.974182,0.0001140967,1.65419133,0.973261,0.0001148606,1.66611257,0.972672,0.0001192300,1.67759382,0.0008140585,0.941278,3.72555554,0.992885,0.0000875171,1.54497816,0.962032,0.0005096947,2.93974923,0.965213,0.0004448073,2.69949489,0.930482,0.0009939961,4.19698457,0.937892,0.0008824020,3.86458568,0.930225,0.0009752012,4.20659610,done
65,2145,keff,0.0000010874,0.725210,0.07401491%,0.0000011024,0.711692,0.07489724,0.0000009509,0.814013,0.06594782,0.717447,0.0000007346,0.06047875,0.692455,0.0000009703,0.06898399,0.706604,0.0000009476,0.06852662,0.675524,0.0000011658,0.07731439,0.655832,0.0000012849,0.08288110,0.698926,0.0000011056,0.07499290,0.740969,0.0000010394,0.07712726,0.808933,0.0000008178,0.05778809,0.794973,0.0000008303,0.05826211,0.809653,0.0000009433,0.06427079,0.712819,0.0000012076,0.07921881,0.802581,0.0000009035,0.06450104,0.0000011382,0.704976,0.07598866,0.678425,0.0000008164,0.06512411,0.687222,0.0000009248,0.06854466,0.702875,0.0000009227,0.06802335,0.668623,0.0000012090,0.07886268,0.642827,0.0000013956,0.08591921,0.698899,0.0000011438,0.07563117,done
65,2145,thermal_only,0.0018445933,0.978444,6.22164756%,0.0019716448,0.977358,6.46471768,0.0006829795,0.986745,3.99929226,0.991090,0.0008738685,4.43274744,0.984386,0.0014468306,5.51490478,0.984581,0.0015247299,5.63506397,0.972867,0.0021072097,6.74701769,0.973097,0.0022964002,7.10250378,0.973638,0.0021568757,6.76716100,0.940828,0.0012189887,5.35659354,0.984723,0.0006553836,4.02865167,0.986415,0.0007059864,4.19728750,0.986633,0.0005953927,3.68414189,0.987036,0.0007176302,4.17286753,0.986713,0.0006663098,3.88118650,0.0026790138,0.967865,8.34553812,0.984215,0.0016606064,6.46962924,0.974442,0.0023381330,7.59429227,0.976321,0.0022437749,7.47598434,0.963270,0.0027457980,8.62258324,0.962897,0.0030403745,9.14401953,0.963527,0.0028087952,8.50488308,done
65,2145,total,0.0000714716,0.987030,1.42587852%,0.0000756665,0.986403,1.47416079,0.0000331180,0.986022,0.98444061,0.994903,0.0000235312,0.85900975,0.988876,0.0000587913,1.25157102,0.990175,0.0000495578,1.18647932,0.984088,0.0000950312,1.67313120,0.985637,0.0000787486,1.55851837,0.985505,0.0000831157,1.55384980,0.993416,0.0000143916,0.72359881,0.989597,0.0000239825,0.80443789,0.990156,0.0000224172,0.80423761,0.983613,0.0000398097,1.12289137,0.984622,0.0000362753,1.04703547,0.984894,0.0000363662,1.02572318,0.0001079986,0.980976,1.72369815,0.994328,0.0000274518,0.94612012,0.986733,0.0000723341,1.38386483,0.986693,0.0000678939,1.43278361,0.980589,0.0001182095,1.78995888,0.977210,0.0001287101,1.93614934,0.978546,0.0001245280,1.85960349,done
78,2574,epithermal_only,0.0001539301,0.984655,1.92812868%,0.0001649332,0.983739,2.00201967,0.0000533299,0.986011,1.25255396,0.995159,0.0000416583,1.10459274,0.987837,0.0001159323,1.64986435,0.987912,0.0001149152,1.64486903,0.981855,0.0001899702,2.18931973,0.982050,0.0001859166,2.17646577,0.982213,0.0001852022,2.13236748,0.992233,0.0000267164,0.90272752,0.988433,0.0000427114,1.11045635,0.988886,0.0000416913,1.06616083,0.985620,0.0000549981,1.30077056,0.985114,0.0000575355,1.29990504,0.984462,0.0000600298,1.34341924,0.0002190518,0.978552,2.31713278,0.993533,0.0000582965,1.37944110,0.983394,0.0001624291,1.99194858,0.984656,0.0001461707,1.93891137,0.976059,0.0002520433,2.49421422,0.977139,0.0002403357,2.46503587,0.976015,0.0002485224,2.46750790,done
78,2574,fast_only,0.0004847696,0.964860,2.84706231%,0.0005268729,0.962956,2.98789938,0.0000998248,0.976886,1.55940917,0.993416,0.0000750555,1.35371542,0.974929,0.0003327733,2.31712813,0.974303,0.0003371706,2.32981144,0.958579,0.0006096473,3.29819341,0.957537,0.0006139874,3.32504852,0.958349,0.0006075139,3.24331284,0.983298,0.0000561960,1.27889836,0.981176,0.0000771298,1.38834900,0.980245,0.0000796772,1.40531213,0.974836,0.0001106346,1.65722663,0.975787,0.0001045241,1.59222890,0.974768,0.0001099869,1.62585221,0.0006793001,0.950974,3.51314155,0.992888,0.0000877088,1.61782646,0.967598,0.0004347875,2.74776592,0.969486,0.0003895099,2.59991028,0.948168,0.0007411169,3.72051991,0.939993,0.0008522699,4.03705575,0.943477,0.0007894698,3.86549508,done
78,2574,keff,0.0000009783,0.752782,0.06927210%,0.0000010059,0.736926,0.07095443,0.0000007263,0.857939,0.05389085,0.743250,0.0000006676,0.05850497,0.713723,0.0000009032,0.06555352,0.737383,0.0000008482,0.06462179,0.696721,0.0000010896,0.07416516,0.678103,0.0000012018,0.07931903,0.732852,0.0000009810,0.07011539,0.774317,0.0000009055,0.07273234,0.847481,0.0000006528,0.05135990,0.842442,0.0000006381,0.05161084,0.837489,0.0000008053,0.05353604,0.797178,0.0000008529,0.06325143,0.855245,0.0000006625,0.04942150,0.0000010622,0.724676,0.07354100,0.725724,0.0000006963,0.06103976,0.721309,0.0000008240,0.06479490,0.715997,0.0000008819,0.06649512,0.693605,0.0000011179,0.07574931,0.670022,0.0000012894,0.08287275,0.712877,0.0000010907,0.07408017,done
78,2574,thermal_only,0.0018264427,0.978682,5.91731908%,0.0019593459,0.977524,6.17026903,0.0006113276,0.988182,3.60463386,0.992395,0.0007477239,4.04615344,0.985299,0.0013651982,5.08737214,0.985211,0.0014650369,5.21043061,0.972641,0.0021265352,6.55059604,0.973276,0.0022831404,6.80359731,0.973404,0.0021776414,6.52136277,0.953288,0.0009086001,4.97790508,0.987914,0.0005146219,3.49232385,0.989551,0.0005445901,3.56156814,0.986407,0.0006048723,3.58760618,0.987804,0.0006779461,3.74536000,0.987924,0.0006109542,3.48013727,0.0026405829,0.968328,7.98606214,0.985798,0.0014755309,5.74119462,0.977059,0.0020995257,6.93682589,0.978465,0.0020398011,6.77207948,0.963667,0.0027155148,8.31124230,0.963108,0.0030248133,8.83012059,0.962477,0.0028890228,8.34353884,done
78,2574,total,0.0000713816,0.987054,1.40685684%,0.0000759357,0.986369,1.45985034,0.0000297443,0.987453,0.92234487,0.994702,0.0000244488,0.86205237,0.989244,0.0000569330,1.21876286,0.990455,0.0000482227,1.15623463,0.983733,0.0000971943,1.67822343,0.985587,0.0000791087,1.54216673,0.985441,0.0000835823,1.54088983,0.990341,0.0000211016,0.81121685,0.990417,0.0000220782,0.75254225,0.990323,0.0000220366,0.76669269,0.985844,0.0000344459,1.02553241,0.986205,0.0000325686,0.99938933,0.986790,0.0000318263,0.94997447,0.0001252931,0.977937,1.91655783,0.992671,0.0000357303,1.08764858,0.982244,0.0000968997,1.74800937,0.989132,0.0000556495,1.27748368,0.966499,0.0002037566,2.45899631,0.983972,0.0000906430,1.62008634,0.975282,0.0001435536,2.13208562,done
91,3003,epithermal_only,0.0001448375,0.985560,1.82328618%,0.0001551744,0.984696,1.89469940,0.0000503293,0.986842,1.17036535,0.995776,0.0000363407,1.03779223,0.988617,0.0001084575,1.54079726,0.988695,0.0001074415,1.53919736,0.982855,0.0001794381,2.09125076,0.982976,0.0001762811,2.08101317,0.983297,0.0001738752,2.01114382,0.995303,0.0000163323,0.76354947,0.989329,0.0000394863,1.03882045,0.989481,0.0000394772,1.03786383,0.985893,0.0000539973,1.22615723,0.985625,0.0000557200,1.24268307,0.985622,0.0000558647,1.22822735,0.0002095570,0.979480,2.15189541,0.995527,0.0000402772,1.10702671,0.984565,0.0001509005,1.73302140,0.985764,0.0001355966,1.76634798,0.975433,0.0002585335,2.38533867,0.979070,0.0002200684,2.36803391,0.977015,0.0002381721,2.28260476,done
91,3003,fast_only,0.0004693248,0.965973,2.73467520%,0.0005090232,0.964203,2.86856054,0.0001063675,0.975898,1.51058063,0.993352,0.0000758497,1.31648614,0.975729,0.0003221385,2.19682333,0.975117,0.0003264813,2.22632284,0.959948,0.0005893709,3.18910144,0.958818,0.0005952900,3.20699104,0.959885,0.0005849560,3.10640601,0.988450,0.0000416754,1.07622903,0.981900,0.0000773399,1.25861528,0.980555,0.0000811777,1.29943718,0.973259,0.0001196140,1.65709890,0.973066,0.0001175824,1.61438637,0.973556,0.0001176002,1.57598420,0.0006595309,0.952420,3.40201755,0.993431,0.0000809829,1.57752868,0.966308,0.0004521920,2.82758219,0.970140,0.0003816182,2.43053554,0.946539,0.0007643599,3.82794698,0.946892,0.0007546881,3.62718289,0.944926,0.0007696597,3.74431848,done
91,3003,keff,0.0000009449,0.761228,0.06848247%,0.0000009833,0.742837,0.07043555,0.0000005940,0.883825,0.05062575,0.803742,0.0000005103,0.05265958,0.712549,0.0000009069,0.06562357,0.750035,0.0000008074,0.06196162,0.698388,0.0000010836,0.07493570,0.686270,0.0000011713,0.07837188,0.737867,0.0000009626,0.07012727,0.817976,0.0000007304,0.06763795,0.873701,0.0000005406,0.04761106,0.880362,0.0000004845,0.04695435,0.864354,0.0000006722,0.05195718,0.830736,0.0000007118,0.06030446,0.882260,0.0000005388,0.04593168,0.0000010578,0.725809,0.07348995,0.776631,0.0000005670,0.05486653,0.721429,0.0000008237,0.06545654,0.742341,0.0000008001,0.06359891,0.687763,0.0000011392,0.07751084,0.651628,0.0000013612,0.08400144,0.718254,0.0000010703,0.07375565,done
91,3003,thermal_only,0.0018702011,0.978139,5.67535950%,0.0020112487,0.976898,5.93998961,0.0005806230,0.988809,3.25588416,0.992954,0.0006922259,3.59893497,0.984940,0.0013968153,4.82739377,0.984962,0.0014875900,4.97129154,0.971824,0.0021870325,6.31636660,0.972612,0.0023372728,6.56771883,0.972486,0.0022496275,6.32678904,0.975974,0.0004738545,3.51913204,0.990246,0.0004209315,2.92382559,0.991864,0.0004298550,2.92249312,0.985880,0.0006268164,3.41055789,0.987926,0.0006723233,3.47520407,0.987648,0.0006240599,3.26876655,0.0027197176,0.967397,8.07075592,0.986655,0.0013885459,5.49652465,0.976839,0.0021227507,6.85742759,0.978050,0.0020827094,6.85876965,0.963279,0.0027468794,8.22456574,0.961230,0.0031788859,9.00089909,0.961053,0.0029991746,8.55244487,done
91,3003,total,0.0000682853,0.987632,1.36087290%,0.0000727430,0.986965,1.41551637,0.0000275291,0.988385,0.86127545,0.995555,0.0000205885,0.80512196,0.989817,0.0000539940,1.16774593,0.990885,0.0000461354,1.11527708,0.984601,0.0000921578,1.61775420,0.986018,0.0000768780,1.50939960,0.986014,0.0000804332,1.50099195,0.996830,0.0000069262,0.49696595,0.991651,0.0000192477,0.69656842,0.992255,0.0000176359,0.65273382,0.986403,0.0000330712,0.98808516,0.986965,0.0000307458,0.94784481,0.987162,0.0000309249,0.90936126,0.0001416345,0.975015,2.05519788,0.993999,0.0000290361,0.96936068,0.987817,0.0000664264,1.30421750,0.980592,0.0000990423,1.88683824,0.980002,0.0001217054,1.81484278,0.968071,0.0001800853,2.35491793,0.968746,0.0001810547,2.42274714,done
104,3432,epithermal_only,0.0001371642,0.986324,1.78765453%,0.0001470764,0.985497,1.86146022,0.0000465386,0.987820,1.11285965,0.995769,0.0000364646,1.06081693,0.989229,0.0001026716,1.50573252,0.989358,0.0001011947,1.51395987,0.983685,0.0001707702,2.05616007,0.983832,0.0001674277,2.04398178,0.984211,0.0001643671,1.97397914,0.996660,0.0000113547,0.65542282,0.991068,0.0000328721,0.93599010,0.991195,0.0000328538,0.93877970,0.986457,0.0000519590,1.19283217,0.986029,0.0000542237,1.20628590,0.986588,0.0000520351,1.18126318,0.0002222249,0.978238,2.21247099,0.995263,0.0000426786,1.14942939,0.985025,0.0001464594,1.71434751,0.986245,0.0001309933,1.72026197,0.975313,0.0002597958,2.41824933,0.976105,0.0002512251,2.44886294,0.974943,0.0002596166,2.41037585,done
104,3432,fast_only,0.0004237172,0.969293,2.63301211%,0.0004600850,0.967655,2.76746112,0.0000912114,0.978906,1.40376410,0.995144,0.0000553374,1.24265449,0.978258,0.0002885686,2.11030216,0.977978,0.0002889406,2.11344874,0.963796,0.0005329742,3.10403171,0.962519,0.0005420395,3.12263929,0.963625,0.0005306123,2.98571106,0.991075,0.0000287942,0.93239592,0.984859,0.0000617895,1.17886066,0.983884,0.0000648418,1.18176852,0.976486,0.0001037021,1.52938823,0.975867,0.0001039279,1.51642629,0.976578,0.0001024063,1.47286797,0.0005842810,0.957862,3.08291635,0.995593,0.0000543372,1.24576105,0.970688,0.0003935074,2.37231180,0.973339,0.0003404588,2.29374670,0.952697,0.0006765005,3.41064045,0.954361,0.0006489222,3.39948750,0.950286,0.0006950236,3.41429499,done
104,3432,keff,0.0000007387,0.813331,0.06054435%,0.0000007527,0.803138,0.06169454,0.0000006107,0.880560,0.05002833,0.805659,0.0000005053,0.05123562,0.788704,0.0000006666,0.05694701,0.803278,0.0000006354,0.05638760,0.765189,0.0000008436,0.06541788,0.758840,0.0000009003,0.06863852,0.803429,0.0000007218,0.06058396,0.781507,0.0000008767,0.07354758,0.875389,0.0000005334,0.04789096,0.847987,0.0000006156,0.05126362,0.870504,0.0000006417,0.04808370,0.834777,0.0000006948,0.05638047,0.878730,0.0000005550,0.04616533,0.0000008478,0.780237,0.06597872,0.785155,0.0000005454,0.05381063,0.789595,0.0000006221,0.05639206,0.762198,0.0000007385,0.06125150,0.754511,0.0000008957,0.06780269,0.735218,0.0000010346,0.07390235,0.771655,0.0000008674,0.06689358,done
104,3432,thermal_only,0.0017510619,0.979563,5.31157670%,0.0018868529,0.978359,5.56020809,0.0005095436,0.990091,3.03837540,0.994472,0.0005420235,3.20219944,0.986468,0.0012581011,4.42945752,0.986351,0.0013529490,4.52829524,0.973436,0.0020644157,5.96965506,0.974138,0.0022095555,6.16099698,0.973905,0.0021363413,5.97247869,0.984554,0.0002970774,2.65659190,0.992080,0.0003375784,2.67970605,0.993218,0.0003535232,2.62878801,0.986976,0.0005713179,3.27428890,0.989222,0.0005961292,3.22822270,0.988770,0.0005623977,3.11339588,0.0027318547,0.967299,7.92495362,0.988340,0.0012112980,5.13337391,0.977734,0.0020412310,6.55815555,0.978042,0.0020854045,6.79556745,0.963234,0.0027574211,8.00000283,0.960638,0.0032310325,8.97149215,0.960549,0.0030423052,8.42962056,done
104,3432,total,0.0000623818,0.988706,1.30133034%,0.0000663164,0.988124,1.35036741,0.0000264089,0.988862,0.85299141,0.995249,0.0000219721,0.83493061,0.990345,0.0000512248,1.14570389,0.991305,0.0000440512,1.09166002,0.985977,0.0000839488,1.53598791,0.987545,0.0000685317,1.41823604,0.987395,0.0000725401,1.42103288,0.996204,0.0000082936,0.49316988,0.991636,0.0000193017,0.69523975,0.992128,0.0000179372,0.66789251,0.987134,0.0000313020,0.96920162,0.987999,0.0000283301,0.89218291,0.987672,0.0000297044,0.91955922,0.0000862367,0.984827,1.56826003,0.994563,0.0000259048,0.91123220,0.987896,0.0000660295,1.30226998,0.989658,0.0000529062,1.19852993,0.981679,0.0001116541,1.80084949,0.985847,0.0000801575,1.55645399,0.982878,0.0000994578,1.72470806,done
117,3861,epithermal_only,0.0001344250,0.986598,1.76611444%,0.0001435267,0.985849,1.82881294,0.0000512089,0.986581,1.19287107,0.996001,0.0000343840,1.02129937,0.989664,0.0000985533,1.47783509,0.989599,0.0000989031,1.49132930,0.984087,0.0001665723,2.03199511,0.984254,0.0001630678,1.99859243,0.984518,0.0001611942,1.93911206,0.995257,0.0000164733,0.69076464,0.989311,0.0000396379,1.04165604,0.989629,0.0000391005,1.02967456,0.985265,0.0000562952,1.27225219,0.985050,0.0000578013,1.28409534,0.985473,0.0000561574,1.25421443,0.0002297308,0.977512,2.30122409,0.994984,0.0000455390,1.16143972,0.982754,0.0001687573,1.94316651,0.986775,0.0001260084,1.67062274,0.969812,0.0003177666,2.76906417,0.979952,0.0002108559,2.28747423,0.974387,0.0002654491,2.49902746,done
117,3861,fast_only,0.0004426541,0.967880,2.56605901%,0.0004817850,0.966102,2.69695516,0.0000848858,0.980628,1.36929419,0.995368,0.0000527794,1.16968434,0.977730,0.0002954204,2.03478286,0.976863,0.0003033463,2.05567294,0.962311,0.0005544090,3.00567686,0.960587,0.0005695113,3.04386866,0.961646,0.0005589613,2.93089496,0.991335,0.0000287872,0.92317673,0.985353,0.0000607793,1.18553637,0.984637,0.0000625671,1.15937194,0.978826,0.0000947151,1.45348008,0.977399,0.0000983060,1.52010241,0.978951,0.0000934110,1.42020028,0.0006825394,0.950777,3.25806211,0.995607,0.0000541415,1.27647082,0.967574,0.0004354107,2.56689612,0.972307,0.0003539187,2.18101185,0.938528,0.0008792631,3.92244628,0.949927,0.0007117489,3.37324499,0.941771,0.0008140287,3.62336160,done
117,3861,keff,0.0000006542,0.834697,0.05667966%,0.0000006737,0.823802,0.05821428,0.0000004754,0.907012,0.04264885,0.830506,0.0000004407,0.04722657,0.815905,0.0000005808,0.05291859,0.822165,0.0000005744,0.05338071,0.792964,0.0000007438,0.06136394,0.779357,0.0000008238,0.06570031,0.823785,0.0000006471,0.05718850,0.766675,0.0000009362,0.07076780,0.873525,0.0000005413,0.04787549,0.893103,0.0000004329,0.04380072,0.886041,0.0000005647,0.04185441,0.900581,0.0000004181,0.04213753,0.909708,0.0000004132,0.03883232,0.0000007576,0.803630,0.06250768,0.809801,0.0000004828,0.05017997,0.810682,0.0000005598,0.05366361,0.788439,0.0000006570,0.05768704,0.788412,0.0000007720,0.06314588,0.753718,0.0000009623,0.07153347,0.797198,0.0000007704,0.06326128,done
117,3861,thermal_only,0.0017994945,0.979001,5.30676855%,0.0019367862,0.977791,5.52115811,0.0005442566,0.989373,3.34663541,0.994844,0.0005099530,3.12456690,0.986175,0.0012877187,4.38317659,0.985964,0.0013929093,4.48456498,0.972893,0.0021068846,5.91796249,0.973202,0.0022891061,6.12872610,0.973222,0.0021921279,5.94354607,0.969948,0.0005756292,3.35015442,0.988642,0.0004704433,3.14867660,0.990544,0.0004809098,3.11405060,0.987663,0.0005440594,3.42459680,0.989565,0.0005785312,3.40405207,0.988599,0.0005703235,3.42216769,0.0027332231,0.967239,8.06854658,0.988517,0.0011900860,5.04480543,0.978293,0.0019881542,6.50466939,0.978226,0.0020660424,6.86116987,0.962689,0.0027922862,8.16603495,0.960188,0.0032653481,9.16746906,0.960553,0.0030373980,8.64690248,done
117,3861,total,0.0000599550,0.989130,1.27868402%,0.0000632648,0.988648,1.31687986,0.0000296937,0.987490,0.92946490,0.996335,0.0000170023,0.73237147,0.991291,0.0000461275,1.07497470,0.992157,0.0000396283,1.03455729,0.986484,0.0000807993,1.50990503,0.987878,0.0000665480,1.40765013,0.987759,0.0000703025,1.39843375,0.996192,0.0000083254,0.52903609,0.990597,0.0000217042,0.77537814,0.990447,0.0000217753,0.79928672,0.986426,0.0000330550,1.01730040,0.985282,0.0000347815,1.04528384,0.986506,0.0000325525,0.95576172,0.0000855384,0.984969,1.57335219,0.992639,0.0000361321,1.12629969,0.985510,0.0000793356,1.56564394,0.990961,0.0000463680,1.14257623,0.980734,0.0001175355,1.88257962,0.986190,0.0000783362,1.53210410,0.984098,0.0000923961,1.62290126,done
130,4290,epithermal_only,0.0001363192,0.986408,1.72059477%,0.0001464282,0.985562,1.78987885,0.0000438939,0.988567,1.08714033,0.996448,0.0000305656,0.97847954,0.989607,0.0000990863,1.43008772,0.989647,0.0000984536,1.44186874,0.983586,0.0001718059,1.99426704,0.983851,0.0001672373,1.98494858,0.984175,0.0001647622,1.89370025,0.996074,0.0000140275,0.65349101,0.991233,0.0000326445,0.94842172,0.991075,0.0000337763,0.96013282,0.987203,0.0000491156,1.16718636,0.987361,0.0000491443,1.16403218,0.987608,0.0000482692,1.13338421,0.0002162379,0.978823,2.20862035,0.995584,0.0000399029,1.10818699,0.985812,0.0001387269,1.67910359,0.985447,0.0001385751,1.82415606,0.978244,0.0002290198,2.28725033,0.973929,0.0002740210,2.58432950,0.976119,0.0002474231,2.37811656,done
130,4290,fast_only,0.0004309228,0.968770,2.54610511%,0.0004686549,0.967052,2.67961542,0.0000859433,0.980429,1.32543939,0.995462,0.0000517058,1.20774437,0.978072,0.0002910569,2.03368105,0.977333,0.0002974099,2.05171461,0.963214,0.0005415748,2.98267391,0.962259,0.0005458011,3.00733823,0.962661,0.0005446488,2.91149243,0.993011,0.0000248932,0.83828405,0.985194,0.0000622841,1.15621320,0.984371,0.0000641727,1.15179876,0.978340,0.0000967435,1.41813188,0.978235,0.0000949581,1.40131747,0.978264,0.0000962666,1.39603932,0.0006793870,0.950988,3.36058133,0.994851,0.0000635822,1.36448270,0.969359,0.0004113840,2.43283387,0.970966,0.0003708090,2.37602609,0.944394,0.0007952840,3.74141794,0.944858,0.0007836012,3.74822961,0.941812,0.0008130115,3.78066365,done
130,4290,keff,0.0000006652,0.831905,0.05702416%,0.0000006972,0.817663,0.05903344,0.0000003729,0.927062,0.03865362,0.822664,0.0000004611,0.04831688,0.802882,0.0000006219,0.05453522,0.821811,0.0000005755,0.05369383,0.781012,0.0000007868,0.06333444,0.777749,0.0000008298,0.06486989,0.817170,0.0000006714,0.05813704,0.840807,0.0000006388,0.06203069,0.917083,0.0000003549,0.03974524,0.922002,0.0000003159,0.04005525,0.912312,0.0000004345,0.03877490,0.910871,0.0000003748,0.03952437,0.924835,0.0000003440,0.03537844,0.0000007732,0.799568,0.06294066,0.798170,0.0000005124,0.05252837,0.807201,0.0000005701,0.05379562,0.782168,0.0000006764,0.05877834,0.775083,0.0000008206,0.06451303,0.765936,0.0000009146,0.06915736,0.789233,0.0000008007,0.06435246,done
130,4290,thermal_only,0.0017856509,0.979186,5.31118705%,0.0019114424,0.978103,5.53231708,0.0006355568,0.987512,3.28942669,0.995154,0.0004778451,3.03686091,0.986420,0.0012656014,4.37635183,0.986217,0.0013687275,4.49206099,0.973235,0.0020820138,5.96045583,0.973717,0.0022476456,6.14473494,0.973473,0.0021737068,5.95206725,0.977605,0.0004283395,2.90918973,0.988754,0.0004683658,2.99450318,0.989842,0.0005152250,3.01493617,0.984877,0.0006598167,3.42668879,0.986944,0.0007178779,3.45395978,0.985978,0.0006953753,3.36002018,0.0027151166,0.967480,8.02942681,0.989201,0.0011174679,4.93094444,0.977845,0.0020310732,6.65816617,0.978169,0.0020731994,6.86565903,0.962692,0.0027960462,8.25531309,0.960809,0.0032137611,9.05871647,0.961070,0.0030008932,8.50590734,done
130,4290,total,0.0000596792,0.989182,1.26253813%,0.0000632638,0.988652,1.30555977,0.0000269055,0.988650,0.86919744,0.996023,0.0000183081,0.77479577,0.991225,0.0000465171,1.07893868,0.992214,0.0000393703,1.02584361,0.986336,0.0000816863,1.50543725,0.987969,0.0000660763,1.39133373,0.987827,0.0000699393,1.37574346,0.995627,0.0000095545,0.57984666,0.991324,0.0000200069,0.73412735,0.992069,0.0000180544,0.71331017,0.987173,0.0000312005,0.96255930,0.987629,0.0000291899,0.91385956,0.987420,0.0000303117,0.92128380,0.0000817273,0.985624,1.47553335,0.994904,0.0000247605,0.89055780,0.988539,0.0000625604,1.24583204,0.991244,0.0000448780,1.11642578,0.981151,0.0001148174,1.76002875,0.986905,0.0000742451,1.48509155,0.984100,0.0000923584,1.57368503,done
143,4719,epithermal_only,0.0001358070,0.986460,1.67870687%,0.0001458793,0.985618,1.74367949,0.0000437176,0.988604,1.08467149,0.996860,0.0000270570,0.92490460,0.989920,0.0000961084,1.37770125,0.989887,0.0000961909,1.40035904,0.983669,0.0001709391,1.94438989,0.983777,0.0001680191,1.93619280,0.984122,0.0001653344,1.85173177,0.996018,0.0000140108,0.69380138,0.991237,0.0000326345,0.92969646,0.991258,0.0000329582,0.94481488,0.987202,0.0000491201,1.16866956,0.987488,0.0000485571,1.15420371,0.987590,0.0000483529,1.13875606,0.0002096917,0.979471,2.16233487,0.995854,0.0000374281,1.07195064,0.984791,0.0001488132,1.81202675,0.986843,0.0001253063,1.63840663,0.977956,0.0002321183,2.36424414,0.975555,0.0002570765,2.45406384,0.977069,0.0002376099,2.29809310,done
143,4719,fast_only,0.0004503412,0.967348,2.49799149%,0.0004905635,0.965502,2.63165135,0.0000825946,0.980989,1.27595848,0.995689,0.0000491223,1.13342479,0.976961,0.0003057874,1.97580988,0.976307,0.0003107827,2.00492198,0.961270,0.0005700128,2.94540000,0.960288,0.0005741214,2.95933301,0.961089,0.0005673657,2.86331203,0.994888,0.0000170827,0.70772382,0.987385,0.0000521515,1.06841232,0.986374,0.0000554761,1.06845238,0.977819,0.0000978886,1.41967881,0.978337,0.0000938086,1.35832565,0.978553,0.0000939871,1.34861836,0.0007129610,0.948575,3.36535654,0.995869,0.0000510664,1.21363451,0.967707,0.0004335951,2.37932357,0.968332,0.0004044469,2.60343499,0.946641,0.0007628685,3.45507603,0.936739,0.0008992748,3.95952218,0.939474,0.0008461504,3.78596742,done
143,4719,keff,0.0000006521,0.835211,0.05667062%,0.0000006837,0.821187,0.05865593,0.0000003633,0.928931,0.03851929,0.825065,0.0000004548,0.04865246,0.808573,0.0000006039,0.05380976,0.823914,0.0000005687,0.05348990,0.785272,0.0000007715,0.06286229,0.777502,0.0000008307,0.06543898,0.822912,0.0000006503,0.05733224,0.826505,0.0000006961,0.06466098,0.909833,0.0000003859,0.04236255,0.920440,0.0000003222,0.04090539,0.915584,0.0000004183,0.03756038,0.913547,0.0000003635,0.04058319,0.931342,0.0000003142,0.03371186,0.0000007039,0.817539,0.05959844,0.809840,0.0000004827,0.05079589,0.814226,0.0000005493,0.05281731,0.818845,0.0000005625,0.05302721,0.774436,0.0000008230,0.06493418,0.779879,0.0000008601,0.06644662,0.820096,0.0000006834,0.05869323,done
143,4719,thermal_only,0.0017737209,0.979328,5.15177957%,0.0019093601,0.978126,5.39531642,0.0005335904,0.989680,2.92515693,0.995335,0.0004606171,2.94361446,0.986584,0.0012515598,4.23350735,0.986383,0.0013538674,4.33933441,0.973199,0.0020848064,5.81021066,0.973571,0.0022595144,5.98981295,0.973491,0.0021717195,5.83419323,0.988292,0.0002249353,2.27452217,0.991751,0.0003513187,2.59520626,0.993106,0.0003596519,2.47302969,0.986922,0.0005798308,3.07458382,0.988790,0.0006228369,3.04156812,0.987865,0.0006103050,3.10715009,0.0027552329,0.966990,8.00411879,0.988951,0.0011420510,4.89761691,0.978038,0.0020118550,6.59080806,0.978093,0.0020819500,6.76628651,0.961890,0.0028514937,8.26108568,0.960101,0.0032735775,8.95403074,0.960346,0.0030550258,8.54412323,done
143,4719,total,0.0000592819,0.989250,1.25853504%,0.0000632160,0.988655,1.30963820,0.0000233137,0.990166,0.79130618,0.995932,0.0000189349,0.78375454,0.990984,0.0000478063,1.09332014,0.991989,0.0000405433,1.05146046,0.986379,0.0000813814,1.51032820,0.987980,0.0000659496,1.38995761,0.987955,0.0000691506,1.37112240,0.995958,0.0000088327,0.57311076,0.992574,0.0000171300,0.67648656,0.992668,0.0000167025,0.67738749,0.989174,0.0000263325,0.86414761,0.988869,0.0000262650,0.85432642,0.989290,0.0000258004,0.81780440,0.0001026614,0.981910,1.70680857,0.995039,0.0000242609,0.89161018,0.985584,0.0000785167,1.52425679,0.989296,0.0000547965,1.30740232,0.971685,0.0001720440,2.23692938,0.985309,0.0000831598,1.62587082,0.981343,0.0001082790,1.74436044,done
156,5148,epithermal_only,0.0001360093,0.986439,1.70104355%,0.0001466073,0.985543,1.77662167,0.0000391133,0.989820,1.01004363,0.996687,0.0000285259,0.96340881,0.989656,0.0000985798,1.41922827,0.989815,0.0000968370,1.42095361,0.983615,0.0001714910,1.97374418,0.983703,0.0001687657,1.96379953,0.984101,0.0001655255,1.88992636,0.996023,0.0000139256,0.65538299,0.992278,0.0000287534,0.85171464,0.992267,0.0000291897,0.86857334,0.988772,0.0000432132,1.07411642,0.988549,0.0000446111,1.08469487,0.988924,0.0000431746,1.07016976,0.0001946795,0.980940,2.08896959,0.995383,0.0000417764,1.17476666,0.985903,0.0001379111,1.73398184,0.987550,0.0001186064,1.63180958,0.978486,0.0002265508,2.28825135,0.979418,0.0002163810,2.24282849,0.978291,0.0002249575,2.25955018,done
156,5148,fast_only,0.0004585489,0.966751,2.47335408%,0.0004994678,0.964874,2.60812660,0.0000844332,0.980901,1.24114815,0.996347,0.0000415970,1.07864779,0.976924,0.0003062568,1.93956677,0.976513,0.0003081368,1.95277491,0.960582,0.0005801400,2.92352696,0.959279,0.0005886837,2.95337632,0.960161,0.0005808603,2.84656198,0.994806,0.0000176591,0.73951486,0.986694,0.0000561449,1.03952008,0.986309,0.0000567671,1.01647339,0.978514,0.0000968610,1.34575167,0.977632,0.0000980492,1.36892433,0.978566,0.0000956274,1.30886202,0.0007442992,0.946303,3.60316076,0.995704,0.0000530635,1.24182340,0.963567,0.0004890541,3.02181039,0.970539,0.0003763518,2.26719617,0.931036,0.0009862261,4.39146380,0.948084,0.0007379669,3.46218041,0.936144,0.0008920257,4.11603197,done
156,5148,keff,0.0000006568,0.834021,0.05747955%,0.0000006921,0.818987,0.05943933,0.0000003343,0.934623,0.03956165,0.826304,0.0000004516,0.04905760,0.803576,0.0000006197,0.05493289,0.820810,0.0000005788,0.05396099,0.785025,0.0000007723,0.06302220,0.774458,0.0000008420,0.06658529,0.820550,0.0000006590,0.05826831,0.847473,0.0000006120,0.06160413,0.918320,0.0000003496,0.04143960,0.926744,0.0000002967,0.04003205,0.927817,0.0000003577,0.03982750,0.911325,0.0000003729,0.04315126,0.937187,0.0000002875,0.03501425,0.0000007779,0.798365,0.06277914,0.807778,0.0000004880,0.05080394,0.799243,0.0000005936,0.05562964,0.797501,0.0000006288,0.05658153,0.770231,0.0000008383,0.06561251,0.737379,0.0000010262,0.07271486,0.800238,0.0000007589,0.06184485,done
156,5148,thermal_only,0.0017304681,0.979825,5.07302761%,0.0018709246,0.978560,5.32725989,0.0004462949,0.991457,2.74861818,0.995450,0.0004516949,2.93682577,0.986795,0.0012322582,4.20622182,0.986697,0.0013225113,4.29655898,0.973592,0.0020534605,5.74663633,0.974149,0.0022092921,5.91059809,0.974059,0.0021244352,5.74235173,0.986767,0.0002501916,2.33122955,0.992816,0.0003089834,2.45650303,0.994092,0.0003115955,2.36676767,0.989053,0.0004901855,2.89916781,0.990812,0.0005161011,2.86670289,0.990238,0.0004964589,2.87373862,0.0027666605,0.966850,8.15037710,0.988158,0.0012226249,5.04161905,0.978094,0.0020085859,6.53456324,0.977196,0.0021671955,7.12038872,0.962130,0.0028363461,8.21765559,0.960003,0.0032791609,9.23243377,0.960315,0.0030571750,8.71756176,done
156,5148,total,0.0000585917,0.989374,1.24071884%,0.0000623310,0.988812,1.28857533,0.0000244036,0.989711,0.80317378,0.996339,0.0000169201,0.74113899,0.991323,0.0000460078,1.05757639,0.992501,0.0000379347,1.01352361,0.986200,0.0000824133,1.50087913,0.988222,0.0000646076,1.37315937,0.988068,0.0000685091,1.35443467,0.997008,0.0000065192,0.51585023,0.992153,0.0000180918,0.66905005,0.992617,0.0000168117,0.65818208,0.988417,0.0000282078,0.89710361,0.988495,0.0000271638,0.85391407,0.988697,0.0000272465,0.84782082,0.0001222875,0.978458,1.90018240,0.994117,0.0000286857,0.99436320,0.981164,0.0001027315,1.85676485,0.990978,0.0000462141,1.13659102,0.965724,0.0002083861,2.49187257,0.986334,0.0000773804,1.49893116,0.975639,0.0001413942,2.14969996,done
169,5577,epithermal_only,0.0001377683,0.986265,1.68981220%,0.0001479681,0.985414,1.75674106,0.0000445134,0.988385,1.07789118,0.996470,0.0000304088,0.96048756,0.989500,0.0001001409,1.40968882,0.989683,0.0000981337,1.40380927,0.983463,0.0001731234,1.95482418,0.983680,0.0001690443,1.93613652,0.983945,0.0001672028,1.86768425,0.995320,0.0000164314,0.75045409,0.991641,0.0000310614,0.89012979,0.991226,0.0000330386,0.91902363,0.986926,0.0000501028,1.16928450,0.987090,0.0000502376,1.15542021,0.987264,0.0000495057,1.13625940,0.0002208911,0.978368,2.17407202,0.996219,0.0000341198,1.02082013,0.986207,0.0001349005,1.58653961,0.986633,0.0001272915,1.65829958,0.976376,0.0002486633,2.34477097,0.975178,0.0002609196,2.47646572,0.974667,0.0002624698,2.40171547,done
169,5577,fast_only,0.0004378867,0.968252,2.47699881%,0.0004768462,0.966469,2.60973985,0.0000816857,0.981433,1.26336646,0.995807,0.0000477995,1.14954896,0.977854,0.0002939022,1.93679539,0.977151,0.0002997409,1.96714181,0.962343,0.0005542539,2.94674353,0.961506,0.0005566304,2.94891214,0.962006,0.0005540204,2.83184860,0.993570,0.0000222868,0.78447226,0.986594,0.0000560350,1.06598818,0.985745,0.0000586326,1.06626984,0.978489,0.0000959725,1.41863718,0.979222,0.0000911108,1.35174258,0.979533,0.0000910143,1.31294253,0.0006468236,0.953344,3.15857548,0.995951,0.0000500091,1.17752731,0.970238,0.0003995952,2.44166116,0.970715,0.0003740515,2.24186068,0.949704,0.0007192021,3.45443444,0.945683,0.0007719812,3.61735560,0.944822,0.0007712877,3.49143116,done
169,5577,keff,0.0000005718,0.855498,0.05294638%,0.0000005964,0.844022,0.05462171,0.0000003474,0.932058,0.03762902,0.825177,0.0000004545,0.04812751,0.830723,0.0000005341,0.05057896,0.846330,0.0000004963,0.05011114,0.815026,0.0000006646,0.05783449,0.811947,0.0000007021,0.05989848,0.843309,0.0000005754,0.05376923,0.843876,0.0000006264,0.06039056,0.916929,0.0000003556,0.03897230,0.926285,0.0000002985,0.03868154,0.916573,0.0000004134,0.03908709,0.923103,0.0000003234,0.03679585,0.930816,0.0000003166,0.03462118,0.0000006414,0.833741,0.05689401,0.815746,0.0000004677,0.04997046,0.831894,0.0000004971,0.05045501,0.826688,0.0000005382,0.05199391,0.804165,0.0000007145,0.05955295,0.810758,0.0000007395,0.06174436,0.828142,0.0000006529,0.05749793,done
169,5577,thermal_only,0.0016944174,0.980268,5.01214747%,0.0018321503,0.979026,5.25786570,0.0004351449,0.991632,2.76558083,0.995983,0.0004006605,2.79389084,0.987369,0.0011809012,4.09786198,0.987117,0.0012820321,4.21906369,0.974229,0.0020058884,5.66781387,0.974587,0.0021734538,5.86068465,0.974452,0.0020943761,5.68974861,0.987715,0.0002314514,2.25318729,0.992960,0.0003004247,2.43644263,0.994343,0.0002955138,2.34218112,0.988973,0.0004915011,2.96620459,0.991029,0.0005016824,2.89272643,0.990482,0.0004821229,2.89524158,0.0027502716,0.967068,8.06228596,0.988115,0.0012287054,5.22536914,0.977977,0.0020199147,6.64278334,0.978063,0.0020878482,6.87977391,0.962252,0.0028276327,8.22704883,0.960592,0.0032333557,8.94033934,0.960282,0.0030615247,8.64540602,done
169,5577,total,0.0000582747,0.989441,1.24198232%,0.0000616981,0.988939,1.28295304,0.0000269747,0.988625,0.86739282,0.996324,0.0000169466,0.72083457,0.991289,0.0000461801,1.05419449,0.992407,0.0000383859,1.00051121,0.986758,0.0000792047,1.46948291,0.988317,0.0000641830,1.36691466,0.988109,0.0000683750,1.36495063,0.995898,0.0000089680,0.54696621,0.991387,0.0000198670,0.71235824,0.991716,0.0000188706,0.72081741,0.987087,0.0000314133,0.97123588,0.987444,0.0000296430,0.93328055,0.987554,0.0000299924,0.90976631,0.0000900855,0.984146,1.62290727,0.992379,0.0000370952,1.15225773,0.984154,0.0000864256,1.68659478,0.990840,0.0000468839,1.14721711,0.979583,0.0001244870,1.96980303,0.985710,0.0000809135,1.53377880,0.983198,0.0000975217,1.67070809,done
182,6006,epithermal_only,0.0001306821,0.986971,1.67854401%,0.0001399971,0.986200,1.73951549,0.0000455167,0.988096,1.12109051,0.996802,0.0000275273,0.93603288,0.990024,0.0000951427,1.40054230,0.990272,0.0000925383,1.39812640,0.984435,0.0001629580,1.92467968,0.984541,0.0001601368,1.91830510,0.984772,0.0001585903,1.85128289,0.995792,0.0000145199,0.74178719,0.990741,0.0000341824,0.96955360,0.990841,0.0000343545,0.96789800,0.986861,0.0000503895,1.18429783,0.986747,0.0000513496,1.21870986,0.987059,0.0000502458,1.17386226,0.0002899975,0.971616,2.72373308,0.996125,0.0000348568,1.04492125,0.977454,0.0002207359,2.58116562,0.987825,0.0001159857,1.55350488,0.959405,0.0004273618,3.38140112,0.979229,0.0002185041,2.26484379,0.965317,0.0003594851,3.20230498,done
182,6006,fast_only,0.0004380122,0.968246,2.45560369%,0.0004774601,0.966427,2.59064441,0.0000773465,0.982449,1.22094574,0.996377,0.0000412576,1.08476113,0.978013,0.0002917311,1.92893183,0.977372,0.0002967813,1.94154311,0.962553,0.0005512364,2.90418589,0.961094,0.0005625958,2.93004274,0.961841,0.0005564902,2.82660273,0.994712,0.0000180860,0.72451654,0.987859,0.0000508450,1.00928204,0.987004,0.0000535599,0.99260616,0.980118,0.0000890253,1.34417976,0.979643,0.0000892857,1.34430783,0.980407,0.0000872386,1.28568455,0.0006594124,0.952446,3.11008738,0.996109,0.0000480300,1.16420407,0.968734,0.0004197624,2.32494327,0.971720,0.0003612334,2.19892417,0.943755,0.0008042302,3.61156546,0.950560,0.0007029218,3.36737866,0.943104,0.0007956419,3.45883060,done
182,6006,keff,0.0000005271,0.866796,0.05088174%,0.0000005523,0.855543,0.05258983,0.0000002966,0.941981,0.03526489,0.844280,0.0000004049,0.04514171,0.844149,0.0000004917,0.04869409,0.860675,0.0000004500,0.04729550,0.828319,0.0000006168,0.05599598,0.824650,0.0000006547,0.05807885,0.854161,0.0000005356,0.05182628,0.855914,0.0000005781,0.05875906,0.931734,0.0000002922,0.03601426,0.936435,0.0000002574,0.03686094,0.925329,0.0000003700,0.03759433,0.935939,0.0000002694,0.03368655,0.942174,0.0000002646,0.03214967,0.0000006106,0.841738,0.05491319,0.834203,0.0000004209,0.04726202,0.842727,0.0000004650,0.04867136,0.836900,0.0000005065,0.05033414,0.825665,0.0000006361,0.05669326,0.801570,0.0000007754,0.06209806,0.838252,0.0000006144,0.05467739,done
182,6006,thermal_only,0.0016684567,0.980616,5.02233712%,0.0018010882,0.979422,5.25913304,0.0004558260,0.991258,2.85734581,0.996360,0.0003641927,2.75047296,0.987756,0.0011484122,4.09583278,0.987548,0.0012432598,4.19583418,0.974673,0.0019749781,5.66754262,0.975020,0.0021395611,5.87382048,0.974815,0.0020681495,5.69883925,0.984245,0.0002956941,2.46440272,0.992006,0.0003409653,2.59641098,0.993476,0.0003415315,2.49170740,0.989338,0.0004783558,2.97266723,0.990723,0.0005205023,2.97705799,0.990118,0.0005019524,2.98143202,0.0026165568,0.968716,7.66524592,0.988471,0.0011905378,5.16156184,0.979583,0.0018740589,6.37144657,0.979858,0.0019199389,6.46151147,0.963734,0.0027205186,7.93857884,0.963009,0.0030389927,8.43608669,0.961765,0.0029522903,8.18499927,done
182,6006,total,0.0000551964,0.989997,1.21102136%,0.0000585568,0.989500,1.25456912,0.0000244728,0.989696,0.81287045,0.995825,0.0000193261,0.79406195,0.991556,0.0000447700,1.04917415,0.992528,0.0000377861,1.00908361,0.987294,0.0000759907,1.44485887,0.988915,0.0000608721,1.33386428,0.988957,0.0000634705,1.30844575,0.996810,0.0000069541,0.48632269,0.992657,0.0000169541,0.64619651,0.992777,0.0000164757,0.65864767,0.988244,0.0000286527,0.90377053,0.988534,0.0000271143,0.87265463,0.988527,0.0000276939,0.87170620,0.0001128048,0.980087,1.78078772,0.994015,0.0000281363,0.94122271,0.988314,0.0000636083,1.21986989,0.984007,0.0000813572,1.68921137,0.982262,0.0001079811,1.67173680,0.973827,0.0001474213,2.12722458,0.977237,0.0001318688,1.94978748,done
195,6435,epithermal_only,0.0001259872,0.987438,1.61087955%,0.0001350998,0.986676,1.66952460,0.0000426715,0.988845,1.07469619,0.997346,0.0000228865,0.85272283,0.990555,0.0000900314,1.32013559,0.990694,0.0000884964,1.31923381,0.984992,0.0001570390,1.86395470,0.985049,0.0001548073,1.85288085,0.985188,0.0001541848,1.78192485,0.996308,0.0000125813,0.70319593,0.992167,0.0000288291,0.88785855,0.991969,0.0000299737,0.88948309,0.987474,0.0000481107,1.17669112,0.987099,0.0000502728,1.17462662,0.987757,0.0000475056,1.12870879,0.0002189209,0.978569,2.22858969,0.995785,0.0000381757,1.08788906,0.984694,0.0001498140,1.86709422,0.987578,0.0001183419,1.55401061,0.972171,0.0002929653,2.71435944,0.979869,0.0002116951,2.19023607,0.975182,0.0002571854,2.44561190,done
195,6435,fast_only,0.0004225424,0.969385,2.41236757%,0.0004594985,0.967701,2.53962553,0.0000846582,0.980647,1.24886629,0.996490,0.0000400077,1.02402272,0.978547,0.0002847553,1.89118159,0.977987,0.0002888477,1.90873020,0.964010,0.0005299576,2.85081180,0.962749,0.0005388530,2.86600958,0.963349,0.0005346806,2.77358702,0.995468,0.0000148269,0.71368202,0.987258,0.0000527943,1.01127702,0.986213,0.0000562979,1.01625069,0.977969,0.0000981677,1.37162354,0.977710,0.0000972532,1.35064852,0.977897,0.0000975001,1.33793021,0.0007136415,0.948505,3.51790580,0.995470,0.0000560275,1.25479303,0.968154,0.0004272859,2.51608765,0.970636,0.0003748670,2.39326019,0.941439,0.0008372887,3.93039282,0.943690,0.0007999475,3.81714438,0.937591,0.0008720236,4.06007940,done
195,6435,keff,0.0000005115,0.870747,0.05006238%,0.0000005365,0.859694,0.05179848,0.0000002832,0.944615,0.03418945,0.860561,0.0000003625,0.04302095,0.851004,0.0000004701,0.04756764,0.867030,0.0000004295,0.04611761,0.831557,0.0000006052,0.05550616,0.826068,0.0000006494,0.05763820,0.858954,0.0000005180,0.05106016,0.864691,0.0000005429,0.05730507,0.937105,0.0000002692,0.03461319,0.939586,0.0000002447,0.03563183,0.929209,0.0000003508,0.03549571,0.936176,0.0000002684,0.03373672,0.944812,0.0000002526,0.03121435,0.0000006078,0.842458,0.05472222,0.844190,0.0000003955,0.04545950,0.847647,0.0000004505,0.04796457,0.850418,0.0000004645,0.04813297,0.810125,0.0000006928,0.05906344,0.804213,0.0000007650,0.06178848,0.840849,0.0000006046,0.05424188,done
195,6435,thermal_only,0.0016645725,0.980652,4.90685948%,0.0017896304,0.979545,5.12301483,0.0005211869,0.989929,2.93058199,0.996250,0.0003713139,2.66891328,0.987616,0.0011596680,3.99289032,0.987468,0.0012499303,4.08261000,0.974822,0.0019631586,5.52661969,0.975253,0.0021190802,5.70847135,0.975075,0.0020462218,5.55650239,0.985789,0.0002719879,2.37648999,0.991404,0.0003646142,2.60548497,0.992963,0.0003674896,2.47938490,0.987186,0.0005687961,3.09231795,0.989093,0.0006069679,3.08527787,0.988511,0.0005786816,3.07730511,0.0026916171,0.967759,7.92784649,0.988209,0.0012126959,5.03787517,0.978759,0.0019459070,6.53631661,0.978929,0.0020035084,6.67877249,0.963014,0.0027684118,8.10564383,0.961450,0.0031620677,8.73997491,0.960830,0.0030195842,8.55471066,done
195,6435,total,0.0000551757,0.989997,1.20247448%,0.0000581899,0.989559,1.24036788,0.0000276180,0.988355,0.85602054,0.996814,0.0000147623,0.68762993,0.991907,0.0000428992,1.01223041,0.992873,0.0000360525,0.97533315,0.987361,0.0000755314,1.43352094,0.988897,0.0000609264,1.32450818,0.988815,0.0000642458,1.31217343,0.996889,0.0000067786,0.48546296,0.991925,0.0000186279,0.69204405,0.991856,0.0000185362,0.68563229,0.986582,0.0000326709,0.96082055,0.986907,0.0000309109,0.93166363,0.987050,0.0000312057,0.90813369,0.0000860274,0.984870,1.53953700,0.995055,0.0000241225,0.90236193,0.989013,0.0000600842,1.21733924,0.990816,0.0000470104,1.16632977,0.983281,0.0001019890,1.66501347,0.982948,0.0000964825,1.69723660,0.982846,0.0000996482,1.68302380,done
208,6864,epithermal_only,0.0001245970,0.987577,1.60005587%,0.0001337037,0.986810,1.66037117,0.0000413360,0.989192,1.04860169,0.997408,0.0000223137,0.83578210,0.990651,0.0000890795,1.30471208,0.990777,0.0000876563,1.30536823,0.985048,0.0001564241,1.86147251,0.985138,0.0001538513,1.84935913,0.985416,0.0001517760,1.77092961,0.997086,0.0000099242,0.60111585,0.992455,0.0000277731,0.86347061,0.992096,0.0000295459,0.87716115,0.987501,0.0000479709,1.15391934,0.987827,0.0000473962,1.13241691,0.988129,0.0000460571,1.11018295,0.0001889069,0.981504,2.07172089,0.995753,0.0000384662,1.10886188,0.986060,0.0001363749,1.70919396,0.987112,0.0001227515,1.65900116,0.979462,0.0002162663,2.25070172,0.980197,0.0002081702,2.22628918,0.978986,0.0002177362,2.24386495,done
208,6864,fast_only,0.0004253012,0.969193,2.41370197%,0.0004627331,0.967480,2.54547731,0.0000830671,0.981140,1.20889890,0.996447,0.0000404912,1.07035142,0.978729,0.0002823824,1.87546756,0.978112,0.0002872010,1.89326594,0.963658,0.0005352895,2.85895789,0.962270,0.0005458834,2.88883496,0.963082,0.0005386941,2.78072572,0.996577,0.0000113827,0.61646637,0.987926,0.0000505773,0.97005838,0.986393,0.0000559805,0.97438761,0.978061,0.0000981951,1.35095989,0.978200,0.0000957627,1.32439198,0.978617,0.0000949879,1.28727519,0.0006765989,0.951223,3.13269944,0.994205,0.0000712679,1.47003634,0.968359,0.0004249780,2.40185522,0.970343,0.0003791012,2.27138707,0.943844,0.0008033882,3.55269897,0.947849,0.0007415324,3.38589964,0.941780,0.0008143877,3.46583097,done
208,6864,keff,0.0000004947,0.874980,0.04925572%,0.0000005209,0.863776,0.05103671,0.0000002560,0.949934,0.03297235,0.867392,0.0000003448,0.04183968,0.857661,0.0000004491,0.04679289,0.870049,0.0000004197,0.04573401,0.837006,0.0000005856,0.05475393,0.827610,0.0000006436,0.05719242,0.863999,0.0000004994,0.05004884,0.867161,0.0000005330,0.05565320,0.942597,0.0000002457,0.03399186,0.940268,0.0000002419,0.03594800,0.938575,0.0000003044,0.03456439,0.941092,0.0000002477,0.03195623,0.951730,0.0000002209,0.02946261,0.0000006268,0.837521,0.05670418,0.851662,0.0000003766,0.04436506,0.853448,0.0000004333,0.04724611,0.821341,0.0000005548,0.05261474,0.829221,0.0000006231,0.05654572,0.801725,0.0000007747,0.06405472,0.825171,0.0000006641,0.05865563,done
208,6864,thermal_only,0.0016644949,0.980654,4.92657970%,0.0017913228,0.979527,5.14386184,0.0005049262,0.990247,2.94000015,0.996121,0.0003855555,2.71493874,0.987646,0.0011576278,4.00919179,0.987451,0.0012514647,4.11499251,0.974712,0.0019721053,5.56157151,0.975201,0.0021236231,5.74684177,0.975113,0.0020431129,5.55710708,0.985930,0.0002728237,2.37637776,0.991588,0.0003584013,2.60159108,0.993000,0.0003642759,2.51086911,0.987704,0.0005456499,3.11342391,0.989311,0.0005951077,3.13888483,0.989000,0.0005545406,3.05666117,0.0026488395,0.968290,7.79172540,0.988268,0.0012062299,5.03851589,0.979458,0.0018832531,6.32701681,0.979426,0.0019568902,6.51357275,0.963768,0.0027139901,8.00509537,0.961577,0.0031523899,8.80841293,0.961491,0.0029709485,8.32117505,done
208,6864,total,0.0000531634,0.990360,1.17827104%,0.0000562205,0.989910,1.21834478,0.0000252125,0.989383,0.81188261,0.996976,0.0000139907,0.67793370,0.992190,0.0000413667,0.99964699,0.993198,0.0000343885,0.94941050,0.987680,0.0000736102,1.41765829,0.989267,0.0000588992,1.30683620,0.989214,0.0000619340,1.28202059,0.996839,0.0000069397,0.51135957,0.992772,0.0000166801,0.64367824,0.992986,0.0000159914,0.63954015,0.987944,0.0000293687,0.89496389,0.987959,0.0000284699,0.88708748,0.988006,0.0000289463,0.87129874,0.0000838162,0.985256,1.50042133,0.994343,0.0000274662,0.97145623,0.989225,0.0000588553,1.20731232,0.990106,0.0000505657,1.21536131,0.980031,0.0001217140,1.83842468,0.985997,0.0000792259,1.51541471,0.984294,0.0000912776,1.56087188,done
221,7293,epithermal_only,0.0001271477,0.987323,1.64570105%,0.0001362933,0.986559,1.70523879,0.0000435316,0.988650,1.10135602,0.996842,0.0000272327,0.93876273,0.990334,0.0000921445,1.36379111,0.990520,0.0000901359,1.36408941,0.984825,0.0001588018,1.88974488,0.984825,0.0001571373,1.88485853,0.985225,0.0001538074,1.81458124,0.996361,0.0000124161,0.70075450,0.991618,0.0000310013,0.91818195,0.991292,0.0000326769,0.96052100,0.987388,0.0000485139,1.17813498,0.987084,0.0000504015,1.19986751,0.987665,0.0000479934,1.15509729,0.0001884020,0.981549,1.99568563,0.996064,0.0000352947,1.07470644,0.986918,0.0001279198,1.58613316,0.987695,0.0001172115,1.54098295,0.979092,0.0002200859,2.18809560,0.980389,0.0002061177,2.17719024,0.978727,0.0002203941,2.17381494,done
221,7293,fast_only,0.0004254546,0.969163,2.35254218%,0.0004637721,0.967393,2.48669864,0.0000751228,0.983059,1.12596890,0.996986,0.0000343416,0.97861158,0.978890,0.0002801697,1.80189797,0.978369,0.0002837683,1.82326101,0.963437,0.0005383081,2.81049468,0.962100,0.0005480655,2.84675544,0.962882,0.0005413454,2.71985890,0.997374,0.0000086286,0.55086136,0.989149,0.0000458195,0.87944196,0.987974,0.0000499186,0.89156598,0.980713,0.0000870617,1.24399264,0.980159,0.0000875289,1.26719878,0.980622,0.0000866606,1.20457766,0.0008086441,0.941783,3.75027209,0.989910,0.0001234338,1.99455880,0.958757,0.0005546228,3.14720532,0.966417,0.0004301811,2.71593646,0.926295,0.0010555548,4.53273992,0.943870,0.0007993128,3.66633755,0.931616,0.0009579717,4.09359856,done
221,7293,keff,0.0000004431,0.888025,0.04670882%,0.0000004638,0.878711,0.04817951,0.0000002544,0.950236,0.03326255,0.868674,0.0000003414,0.04125583,0.872770,0.0000004014,0.04401709,0.884856,0.0000003719,0.04274518,0.854175,0.0000005239,0.05175778,0.850226,0.0000005592,0.05352206,0.878122,0.0000004476,0.04749498,0.865297,0.0000005405,0.05600824,0.945002,0.0000002354,0.03441906,0.945474,0.0000002208,0.03350781,0.933509,0.0000003295,0.03672370,0.946890,0.0000002233,0.03131215,0.950586,0.0000002261,0.03014444,0.0000005512,0.857130,0.05292738,0.852401,0.0000003747,0.04401728,0.865267,0.0000003984,0.04512822,0.845120,0.0000004810,0.04866540,0.836396,0.0000005969,0.05514749,0.832256,0.0000006555,0.05850852,0.851203,0.0000005652,0.05379210,done
221,7293,thermal_only,--,--,--,--,--,--,--,--,--,--,--,--,--,--,--,--,--,--,--,--,--,--,--,--,--,--,--,--,--,--,--,--,--,--,--,--,--,--,--,--,--,--,--,--,--,--,--,--,--,--,--,--,--,--,--,--,--,--,--,--,--,--,--,--,--,--,run
221,7293,total,0.0000557316,0.989893,1.19675203%,0.0000589132,0.989425,1.23529602,0.0000266423,0.988783,0.84434987,0.997017,0.0000137383,0.66886769,0.991957,0.0000425992,0.99985692,0.992933,0.0000357036,0.95872041,0.987246,0.0000761878,1.42295328,0.988541,0.0000628725,1.34167179,0.988640,0.0000652354,1.30615343,0.996621,0.0000074159,0.53713731,0.992226,0.0000179485,0.68480389,0.991971,0.0000183177,0.70802503,0.987347,0.0000308456,0.92794999,0.987387,0.0000298277,0.90464874,0.987476,0.0000302230,0.89662501,0.0001161944,0.979524,1.88928445,0.994879,0.0000249682,0.91397014,0.985450,0.0000793419,1.56549525,0.984623,0.0000785282,1.64635557,0.979671,0.0001239715,1.96029849,0.973263,0.0001506763,2.15328799,0.978014,0.0001275318,1.99222611,done
234,7722,epithermal_only,0.0001240235,0.987634,1.61403675%,0.0001327290,0.986909,1.66927275,0.0000444299,0.988393,1.10902187,0.996968,0.0000261315,0.93118258,0.990796,0.0000877168,1.31574541,0.990814,0.0000873270,1.33183440,0.985140,0.0001554947,1.85982905,0.985198,0.0001532520,1.85663722,0.985579,0.0001501060,1.77214178,0.995460,0.0000157887,0.75860225,0.991722,0.0000306323,0.93072622,0.991240,0.0000328627,0.96092954,0.987068,0.0000496664,1.18587638,0.986765,0.0000513432,1.20333675,0.987339,0.0000491968,1.16143479,0.0001897250,0.981426,2.11577252,0.996048,0.0000357621,1.06103154,0.985777,0.0001391833,1.80572759,0.987796,0.0001162515,1.57612535,0.978690,0.0002244211,2.40827016,0.980727,0.0002026661,2.17927044,0.978757,0.0002201173,2.30919061,done
234,7722,fast_only,0.0004190806,0.969622,2.36334408%,0.0004563027,0.967917,2.49209912,0.0000787639,0.982179,1.18615518,0.996649,0.0000381755,1.03379130,0.978993,0.0002788507,1.82556921,0.978578,0.0002810523,1.84527820,0.964012,0.0005297505,2.81725183,0.962949,0.0005357859,2.82698115,0.963504,0.0005322487,2.72139101,0.995694,0.0000146416,0.69291948,0.988462,0.0000484627,0.96138934,0.986795,0.0000543123,1.00105729,0.979724,0.0000912694,1.30673125,0.979402,0.0000907296,1.28042768,0.979789,0.0000901229,1.25645511,0.0007198262,0.948077,3.48577664,0.996360,0.0000449784,1.13141079,0.967346,0.0004382549,2.64371104,0.970823,0.0003722914,2.26107203,0.937402,0.0008954301,4.06773710,0.946183,0.0007647294,3.59835240,0.937355,0.0008756977,4.02427660,done
234,7722,keff,0.0000004315,0.890959,0.04626137%,0.0000004526,0.881637,0.04782335,0.0000002389,0.953264,0.03198047,0.866628,0.0000003468,0.04094810,0.877175,0.0000003875,0.04358432,0.886116,0.0000003678,0.04276796,0.859869,0.0000005035,0.05085455,0.854751,0.0000005423,0.05285472,0.879904,0.0000004410,0.04746313,0.881679,0.0000004748,0.05346997,0.952630,0.0000002028,0.03232022,0.951738,0.0000001955,0.03161464,0.944392,0.0000002756,0.03307355,0.944728,0.0000002324,0.03096274,0.949568,0.0000002308,0.03016070,0.0000005543,0.856312,0.05315112,0.860631,0.0000003538,0.04316866,0.864586,0.0000004004,0.04475266,0.846484,0.0000004767,0.04839802,0.836161,0.0000005978,0.05524957,0.830049,0.0000006641,0.05886501,0.849512,0.0000005717,0.05446341,done
234,7722,thermal_only,0.0016264994,0.981120,4.79169768%,0.0017495429,0.980026,5.00028090,0.0005015304,0.990327,2.88465113,0.996689,0.0003300817,2.56208548,0.988119,0.0011154536,3.87556135,0.987961,0.0012028650,3.96774484,0.975251,0.0019316753,5.43029353,0.975810,0.0020729985,5.57764642,0.975558,0.0020086265,5.41885998,0.988701,0.0002208045,2.17591070,0.991719,0.0003527725,2.54775324,0.993303,0.0003496963,2.42823322,0.987569,0.0005532142,3.03671160,0.989514,0.0005836218,3.09066737,0.988940,0.0005582339,3.02911308,0.0026268610,0.968584,7.77243329,0.989247,0.0011094702,4.90781556,0.979997,0.0018390221,6.25147632,0.980486,0.0018601699,6.32953226,0.963965,0.0027007872,8.06620812,0.961640,0.0031494926,8.74017937,0.961478,0.0029736254,8.36913149,done
234,7722,total,0.0000528919,0.990407,1.15562551%,0.0000559011,0.989965,1.19412311,0.0000253795,0.989302,0.80364743,0.997079,0.0000135126,0.66590846,0.992290,0.0000408268,0.96500010,0.993254,0.0000341194,0.92887550,0.987759,0.0000731147,1.39049736,0.989338,0.0000585200,1.28489481,0.989234,0.0000618025,1.25935824,0.997640,0.0000051542,0.42672815,0.992891,0.0000163920,0.63542926,0.993014,0.0000159098,0.64287760,0.987605,0.0000301752,0.90598747,0.987977,0.0000283971,0.86388298,0.987844,0.0000293107,0.86343223,0.0000803666,0.985856,1.49106850,0.994458,0.0000270638,0.97519346,0.988123,0.0000648323,1.31739705,0.990355,0.0000493667,1.19692797,0.983066,0.0001032435,1.67986907,0.986263,0.0000777325,1.49815272,0.984456,0.0000902131,1.59219491,done
247,8151,epithermal_only,0.0001230776,0.987729,1.61216160%,0.0001316822,0.987009,1.66908244,0.0000444068,0.988429,1.09174244,0.997078,0.0000251273,0.89268676,0.990780,0.0000878427,1.32262910,0.990856,0.0000869051,1.32818265,0.985273,0.0001540645,1.86235273,0.985330,0.0001518454,1.86111117,0.985700,0.0001488279,1.77025029,0.996678,0.0000113960,0.62408427,0.991805,0.0000304287,0.91196612,0.991408,0.0000323294,0.94689830,0.986823,0.0000506568,1.18002196,0.986971,0.0000507712,1.17472707,0.987283,0.0000495358,1.15328869,0.0002570256,0.974810,2.47764553,0.991857,0.0000721717,1.50347563,0.985546,0.0001411003,1.78467527,0.979045,0.0001994324,2.38330421,0.977513,0.0002365739,2.28804567,0.965838,0.0003586401,3.02751352,0.972026,0.0002897389,2.64139740,done
247,8151,fast_only,0.0004182237,0.969683,2.41358725%,0.0004548835,0.968016,2.54014121,0.0000830481,0.981144,1.25652241,0.996442,0.0000405455,1.06729075,0.978689,0.0002828620,1.88266869,0.978173,0.0002863492,1.89810197,0.964541,0.0005219913,2.85886723,0.963129,0.0005331447,2.86965249,0.963640,0.0005302458,2.77193069,0.994688,0.0000180956,0.77608501,0.987313,0.0000532441,1.03052496,0.985982,0.0000575825,1.06052325,0.978955,0.0000944634,1.34885528,0.978290,0.0000952440,1.36115633,0.978583,0.0000950783,1.33874099,0.0006790864,0.951002,3.36281519,0.996159,0.0000474806,1.15429899,0.967313,0.0004386453,2.48603274,0.970301,0.0003790497,2.26354919,0.943239,0.0008116130,3.91377263,0.948618,0.0007299754,3.59242000,0.941290,0.0008203455,3.81586731,done
247,8151,keff,0.0000004167,0.894688,0.04532062%,0.0000004385,0.885308,0.04684313,0.0000002176,0.957432,0.03140059,0.887171,0.0000002934,0.03828934,0.885924,0.0000003599,0.04185251,0.887612,0.0000003630,0.04203998,0.865355,0.0000004837,0.04984936,0.853627,0.0000005465,0.05279675,0.884150,0.0000004254,0.04634060,0.902202,0.0000003924,0.04840046,0.961094,0.0000001665,0.02793456,0.956282,0.0000001771,0.02964131,0.943935,0.0000002778,0.03468087,0.945195,0.0000002305,0.03242696,0.956928,0.0000001971,0.02957239,0.0000005252,0.863849,0.05090269,0.879555,0.0000003058,0.04002319,0.880592,0.0000003531,0.04227641,0.860654,0.0000004327,0.04623922,0.845655,0.0000005631,0.05347061,0.822411,0.0000006939,0.05883206,0.860862,0.0000005286,0.05099357,done
247,8151,thermal_only,--,--,--,--,--,--,--,--,--,--,--,--,--,--,--,--,--,--,--,--,--,--,--,--,--,--,--,--,--,--,--,--,--,--,--,--,--,--,--,--,--,--,--,--,--,--,--,--,--,--,--,--,--,--,--,--,--,--,--,--,--,--,--,--,--,--,run
247,8151,total,0.0000531865,0.990348,1.16851507%,0.0000562864,0.989888,1.20892598,0.0000248449,0.989533,0.79904392,0.996711,0.0000152717,0.72246847,0.992216,0.0000411848,0.98023242,0.993254,0.0000340831,0.93874253,0.987673,0.0000735633,1.40348317,0.989195,0.0000592291,1.30528054,0.989188,0.0000620295,1.27030057,0.996228,0.0000082472,0.51523471,0.992267,0.0000178530,0.65758695,0.992273,0.0000176067,0.65842259,0.988098,0.0000289974,0.87970794,0.988752,0.0000265792,0.84209792,0.988381,0.0000280279,0.85486177,0.0001562043,0.972320,2.18954845,0.979033,0.0000967842,1.71280576,0.978766,0.0001145355,1.83052407,0.973056,0.0001363343,2.16659952,0.975001,0.0001515701,2.01932741,0.966122,0.0001901135,2.51711000,0.971114,0.0001670477,2.27806230,done
256,8448,epithermal_only,0.0001230401,0.987732,1.58434236%,0.0001321693,0.986964,1.64731859,0.0000395730,0.989665,1.00855967,0.997304,0.0000232277,0.85627938,0.990947,0.0000862695,1.28492586,0.991047,0.0000851090,1.28266230,0.985205,0.0001547973,1.84871936,0.985183,0.0001533949,1.83762584,0.985560,0.0001503076,1.75973419,0.996802,0.0000108787,0.58649874,0.992571,0.0000274494,0.83312150,0.992370,0.0000286392,0.85332697,0.988379,0.0000445783,1.09161965,0.988148,0.0000461237,1.11184859,0.988713,0.0000438719,1.06078060,0.0002650510,0.974011,2.48780250,0.990634,0.0000829947,1.64469405,0.980467,0.0001903664,2.16517987,0.982817,0.0001634884,2.00247149,0.968782,0.0003281021,2.82157092,0.974807,0.0002644923,2.49993011,0.970278,0.0003077753,2.65466327,done
256,8448,fast_only,0.0004235457,0.969299,2.36009677%,0.0004608894,0.967594,2.49028288,0.0000821170,0.981418,1.16982377,0.996678,0.0000378286,1.02212826,0.978924,0.0002797223,1.82114181,0.978236,0.0002854564,1.84470313,0.963551,0.0005366023,2.80608966,0.962597,0.0005408295,2.83302042,0.963169,0.0005371847,2.72159721,0.996538,0.0000123489,0.61747644,0.988357,0.0000493366,0.92802567,0.987044,0.0000538843,0.94610229,0.978792,0.0000951787,1.28545549,0.978406,0.0000949622,1.27782937,0.978573,0.0000953151,1.25920724,0.0007772648,0.943987,3.51772914,0.993717,0.0000772074,1.54548606,0.963465,0.0004909716,2.72207874,0.965931,0.0004356814,2.55378083,0.934865,0.0009322076,4.01959003,0.940740,0.0008429350,3.71136624,0.933195,0.0009347811,3.92140907,done
256,8448,keff,0.0000003994,0.899063,0.04450483%,0.0000004167,0.891020,0.04567660,0.0000002417,0.952724,0.03379151,0.887719,0.0000002919,0.03814552,0.888697,0.0000003512,0.04117919,0.893977,0.0000003424,0.04133930,0.871275,0.0000004625,0.04864903,0.857799,0.0000005309,0.05243385,0.892794,0.0000003937,0.04438425,0.891963,0.0000004335,0.05281487,0.948931,0.0000002186,0.03331764,0.954843,0.0000001829,0.02925595,0.933444,0.0000003298,0.03877763,0.946169,0.0000002264,0.03302500,0.952660,0.0000002167,0.03176623,0.0000005069,0.868618,0.05016670,0.874740,0.0000003180,0.04059847,0.879342,0.0000003568,0.04273234,0.866637,0.0000004141,0.04517125,0.849640,0.0000005486,0.05284504,0.831582,0.0000006581,0.05788945,0.866513,0.0000005071,0.04990940,done
256,8448,thermal_only,0.0016035128,0.981386,4.74564924%,0.0017252085,0.980303,4.95274044,0.0004908665,0.990558,2.85224401,0.996843,0.0003145807,2.52012664,0.988365,0.0010922009,3.81702365,0.988110,0.0011882216,3.92502748,0.975710,0.0018958184,5.36978452,0.976024,0.0020547684,5.54493484,0.975869,0.0019826742,5.37198227,0.988090,0.0002292792,2.18712680,0.991814,0.0003500831,2.51881396,0.993289,0.0003520183,2.43975312,0.987869,0.0005403085,3.01155816,0.989892,0.0005647051,3.00781785,0.989245,0.0005442356,2.99886676,0.0026038728,0.968849,7.83027711,0.988996,0.0011318637,4.93602290,0.979725,0.0018621617,6.45680725,0.980525,0.0018567222,6.32439819,0.963689,0.0027189693,8.20428860,0.962774,0.0030564232,8.64452698,0.961916,0.0029394090,8.43791321,done
256,8448,total,0.0000544675,0.990117,1.18875517%,0.0000577879,0.989619,1.23228515,0.0000241096,0.989846,0.79076673,0.996209,0.0000175576,0.76671564,0.991801,0.0000434217,1.02373406,0.992988,0.0000354351,0.96679684,0.987429,0.0000750115,1.42394004,0.988948,0.0000605954,1.31920255,0.988956,0.0000633645,1.28980961,0.997057,0.0000064403,0.44500717,0.992703,0.0000168592,0.62831517,0.993037,0.0000158901,0.64894294,0.988428,0.0000281955,0.87067042,0.988828,0.0000264025,0.84033531,0.988580,0.0000275494,0.85626902,0.0001130300,0.980054,1.76101426,0.994903,0.0000241440,0.87659588,0.985789,0.0000771447,1.41776934,0.988732,0.0000574166,1.30458077,0.975438,0.0001493171,2.02525116,0.981222,0.0001059773,1.74758324,0.976473,0.0001363439,1.97611556,done
